date_added,name,business,email,source,segment,priority,pain_quote,profile_url,status,last_contact_date,contact_count,last_template_used,reply_date,reply_summary,personalization_notes,qualification_date,disqualification_reason
2026-02-10,Reddit-FBA-User1,Amazon FBA Family Business,NEEDS_RESEARCH,Reddit,AmazonFBA,P1,"We manually enter the sales shipments and adjustments weekly. As our sales volume grows daily this manual process is getting more tedious.",https://www.reddit.com/r/FulfillmentByAmazon/comments/18rvx33/,NEW,,,,,,"Active FBA seller with high volume sales. Uses SOS Inventory + QuickBooks. Explicitly mentions weekly manual data entry becoming tedious as they scale. Perfect fit."
2026-02-10,Reddit-Bookkeeper1,Small Bookkeeping Practice,NEEDS_RESEARCH,Reddit,Bookkeeper,P1,"I've been grappling with the endless task of manual data entry for invoices. It's a real challenge typing out each detail checking and rechecking. This process takes up so much time.",https://www.reddit.com/r/Bookkeeping/comments/187rj77/,NEW,,,,,,"Bookkeeper struggling with manual invoice entry. Mentions time waste and error-checking burden. Likely has multiple clients = high volume."
2026-02-10,Reddit-Bookkeeper2,Accounting Practice,NEEDS_RESEARCH,Reddit,Bookkeeper,P1,"How much time is wasted manually typing up invoices and receipts - whether from clients who drop off paper copies or small businesses who email PDFs and photos without any structure.",https://www.reddit.com/r/Bookkeeping/comments/1k1cjpf/,NEW,,,,,,"Software engineer's dad is an accountant. Discussing invoice data entry pain with clients. Potentially high-volume practice if working on side project to solve it."
2026-02-10,Reddit-SmallBiz1,Small Business Owner,NEEDS_RESEARCH,Reddit,SmallBusiness,P1,"Most of our customers were spending anywhere from 2-8 hours per week just on invoice processing before automation. One customer was literally paying someone part-time just to handle invoice entry.",https://www.reddit.com/r/smallbusiness/comments/1lnhmi6/,NEW,,,,,,"Small business owner discussing invoice automation. Mentions spending 2-8 hrs/week on processing. Clear quantified pain point."
2026-02-10,Reddit-SmallBiz2,Small Business Owner,NEEDS_RESEARCH,Reddit,SmallBusiness,P1,"I fat finger all of my receipts into a spreadsheet / pnl doc that I created but it's cumbersome.",https://www.reddit.com/r/smallbusiness/comments/1bqqi4b/,NEW,,,,,,"Manual spreadsheet entry for receipts. Looking for better organization tool. Active small business owner."
2026-02-10,Reddit-Accounting1,Freelance Accountant,NEEDS_RESEARCH,Reddit,Bookkeeper,P1,"Building a lightweight low-cost tool that automatically extracts invoice data including VAT line items and prepares it for posting - saving time on manual entry.",https://www.reddit.com/r/Accounting/comments/1jvuw1s/,NEW,,,,,,"Freelance accountant building tool to solve this exact problem. Recognizes the pain. Could be customer or competitor intel."
2026-02-10,Reddit-Bookkeeper4,CPA Practice,NEEDS_RESEARCH,Reddit,Bookkeeper,P1,"Stepping in to run my father's CPA practice. Many clients still write hand-written checks. Looking for reliable way to capture those checks automatically for bookkeeping to cut down on manual entry.",https://www.reddit.com/r/Bookkeeping/comments/1nkecu6/,NEW,,,,,,"Taking over CPA practice. Multiple clients with manual checks. Seeking automation. Good target - inheriting established practice."
2026-02-10,Reddit-Bookkeeper5,Bookkeeping Practice,NEEDS_RESEARCH,Reddit,Bookkeeper,P2,"Make the manual entry option possible - we need all invoice data: invoice number date amount description.",https://www.reddit.com/r/Bookkeeping/comments/1nkxkd8/,NEW,,,,,,"Bookkeeper discussing minimum invoice data requirements. Dealing with incomplete invoices and manual entry needs."
2026-02-10,Reddit-SmallBiz3,Small Business Owner,NEEDS_RESEARCH,Reddit,SmallBusiness,P1,"So done with bookkeeping. Auto-extracting invoice data straight from emails and PDFs pulls line items and totals without manual entry.",https://www.reddit.com/r/smallbusiness/comments/1meity2/,NEW,,,,,,"Frustrated with bookkeeping. Discussing auto-extraction tools. Clear pain point and awareness of solutions."
2026-02-10,Reddit-Ecommerce1,Multi-Channel Seller,NEEDS_RESEARCH,Reddit,Ecommerce,P1,"Been through this exact pain. Burning through bookkeepers who couldn't handle multi channel reconciliation properly.",https://www.reddit.com/r/ecommerce/comments/1nqdjt7/,NEW,,,,,,"Ecommerce seller with multi-channel sales (Amazon Shopify etc). Bookkeepers can't handle complexity. High-value customer."
2026-02-10,Reddit-Ecommerce2,Ecommerce Startup,NEEDS_RESEARCH,Reddit,Ecommerce,P1,"Doing it myself was a nightmare because I was so busy with running the business I would let it back up and then try to pull it all together at tax time.",https://www.reddit.com/r/ecommerce/comments/q57g29/,NEW,,,,,,"Solo ecommerce owner overwhelmed with bookkeeping. Lets it pile up until tax season. Classic pain point."
2026-02-10,Reddit-Shopify1,Shopify Multi-Supplier,NEEDS_RESEARCH,Reddit,Shopify,P2,"Managing multiple suppliers with Shopify. Using spreadsheets to keep all supplier details organized manually.",https://www.reddit.com/r/shopify/comments/m6rvfh/,NEW,,,,,,"Shopify seller with multiple suppliers. Manual spreadsheet tracking. Seeking automation solutions."
2026-02-10,Reddit-Shopify2,Shopify Store Owner,NEEDS_RESEARCH,Shopify Community,Shopify,P2,"I have multiple suppliers. They are not directly connected to my shopify dashboard so how i can send orders to them automatically.",https://community.shopify.com/t/how-i-can-send-my-store-orders-directly-to-the-suppliers/268847/1,NEW,,,,,,"Multiple suppliers not integrated with Shopify. Looking for automation. Likely dealing with manual invoice reconciliation."
2026-02-10,Reddit-Accounting2,Accounting Practice,NEEDS_RESEARCH,Reddit,Bookkeeper,P1,"Teams that manage to reduce manual entry focus automation on the boring repeatable parts - header fields totals PO numbers while flagging line items or odd invoices for review.",https://www.reddit.com/r/Accounting/comments/1nu7wj5/,NEW,,,,,,"Accounting team discussing automation strategies. Actively seeking solutions to reduce manual entry. High awareness."
2026-02-10,Reddit-SmallBiz4,Service Business,NEEDS_RESEARCH,Reddit,Contractor,P2,"Manual data entry is always prone to errors. Manual entry of start/end times in notes section on daily basis seems like unnecessary element.",https://www.reddit.com/r/smallbusiness/comments/1ig4srk/,NEW,,,,,,"Service business tracking time and invoicing. Mentions manual entry errors. Contractor/service segment."
2026-02-10,Reddit-Automation1,Business Owner,NEEDS_RESEARCH,Reddit,SmallBusiness,P1,"Sick of doing invoice data entry by hand. Built a tool that turns any format into clean data for any software system.",https://www.reddit.com/r/automation/comments/1lsotqw/,NEW,,,,,,"Built own solution for invoice automation. Recognizes the pain. Could be customer or valuable market research."
2026-02-10,Reddit-SmallBiz5,Small Business,NEEDS_RESEARCH,Reddit,SmallBusiness,P2,"Has anyone found a good way to pull data out of invoices/receipts automatically? Manual entry works for small volume but automation saves tons of time once you scale.",https://www.reddit.com/r/smallbusiness/comments/1n5ck4d/,NEW,,,,,,"Scaling business looking for invoice automation. Recognizes manual entry doesn't scale. Perfect timing."
2026-02-10,Reddit-SmallBiz6,Small Business,NEEDS_RESEARCH,Reddit,SmallBusiness,P2,"How do you track your receipts for taxes? Not much manual input involved when you snap pic and it extracts details.",https://www.reddit.com/r/smallbusiness/comments/1h3ai73/,NEW,,,,,,"Discussing receipt tracking for taxes. Aware of extraction tools. May need more robust solution for invoices."
2026-02-10,Reddit-SmallBiz7,Small Business,NEEDS_RESEARCH,Reddit,SmallBusiness,P2,"Currently track expenses and profit with spreadsheets. Save ALL receipts. Enter amounts below each month.",https://www.reddit.com/r/smallbusiness/comments/1fbch9a/,NEW,,,,,,"Manual spreadsheet tracking for all expenses. Organized approach but time-consuming. Ready for automation."
2026-02-10,Reddit-SmallBiz8,Small Business,NEEDS_RESEARCH,Reddit,SmallBusiness,P2,"Use google sheets for personal expenses tracking and company accounting. Built a system with formulas that is pretty automated and organized.",https://www.reddit.com/r/smallbusiness/comments/1q7k02g/,NEW,,,,,,"DIY spreadsheet system. Power user but hitting limits of manual entry. Good fit for upgrade."
2026-02-10,Reddit-SmallBiz9,Business with Employees,NEEDS_RESEARCH,Reddit,SmallBusiness,P2,"How do you all handle employee expenses without losing your mind? System automatically identifies which employee submitted it and organizes receipts.",https://www.reddit.com/r/smallbusiness/comments/1o6dmvd/,NEW,,,,,,"Managing employee expenses. Multiple people submitting receipts. Higher volume = better fit."
2026-02-10,IndieHackers1,Indie Hacker / Maker,NEEDS_RESEARCH,IndieHackers,SaaS,P3,"Track everything in Notion database. Send it all to accountant in one batch. Use database throughout quarter as expenses accrue.",https://www.indiehackers.com/post/how-do-indie-hackers-track-and-manage-saas-expenses-6c25e8eb87,NEW,,,,,,"Indie hacker with manual expense tracking. Batches for accountant. Lower volume but may need better system."
2026-02-10,IndieHackers2,SaaS Founder,NEEDS_RESEARCH,IndieHackers,SaaS,P2,"Use Bench.co and could not be happier. Get a bookkeeper assigned to each company with updates/reports at end of each month.",https://www.indiehackers.com/post/how-do-you-handle-your-accounting-5c01fd9011,NEW,,,,,,"Using bookkeeping service. May need supplemental invoice extraction tool. Or target bookkeepers like Bench as partners."
2026-02-10,Reddit-Ecommerce3,Shopify + Amazon Seller,NEEDS_RESEARCH,Reddit,Ecommerce,P2,"Amazon + A2X + Xero was a dream when I did bookkeeping myself for $100k/mo business. QuickBooks integration for Shopify - manually for now since still small.",https://www.reddit.com/r/ecommerce/comments/jhcten/,NEW,,,,,,"Multi-channel seller ($100k/mo). Uses A2X for Amazon but manual for Shopify. Potential upgrade path."
2026-02-10,Reddit-Ecommerce4,Shopify Seller,NEEDS_RESEARCH,Reddit,Ecommerce,P2,"Pain point with Shopify accounting: softwares being used are QuickBooks Online and Shopify.",https://www.reddit.com/r/ecommerce/comments/1iir8q3/,NEW,,,,,,"Shopify seller experiencing accounting pain points with QB integration. Seeking solutions."
2026-02-10,Reddit-Bookkeeper6,Bookkeeping Practice,NEEDS_RESEARCH,Reddit,Bookkeeper,P1,"Process thousands of invoices every month - auto emailed to either Dext or Hubdoc then sent to accounting system. Very limited manual data entry.",https://www.reddit.com/r/Bookkeeping/comments/1jfkneo/,NEW,,,,,,"HIGH VOLUME bookkeeper (thousands/month). Uses Dext/Hubdoc but may need better custom solution. Premium customer."
2026-02-10,Reddit-Accounting3,Small Accounting Practice,NEEDS_RESEARCH,Reddit,Bookkeeper,P1,"Clients drop off paper copies or email PDFs and photos without structure. Significant time wasted on manual invoice typing.",https://www.reddit.com/r/Accounting/comments/1k1ciq5/,NEW,,,,,,"Accounting practice with unstructured client invoices. Clear pain point with PDF processing. Perfect fit."
2026-02-10,Reddit-Bookkeeper7,Bookkeeping Service,NEEDS_RESEARCH,Reddit,Bookkeeper,P2,"Invoice data entry challenge - manual entry takes up time that could be used to focus on growing business or brainstorming new ideas.",https://www.reddit.com/r/Bookkeeping/comments/187rj77/,NEW,,,,,,"Bookkeeper feeling opportunity cost of manual entry. Wants to scale but manual work is bottleneck."
2026-02-10,Reddit-Bookkeeper8,Bookkeeping Practice,NEEDS_RESEARCH,Reddit,Bookkeeper,P2,"Dealing with vendors is like herding cats - everyone does their own thing. Some restaurants still have invoices filled by hand from vendors.",https://www.reddit.com/r/Bookkeeping/comments/1j6ssts/,NEW,,,,,,"Bookkeeping practice dealing with inconsistent vendor invoice formats. Restaurant clients. Handwritten invoices."
2026-02-10,Reddit-Bookkeeper9,Bookkeeping Service,NEEDS_RESEARCH,Reddit,Bookkeeper,P2,"With right tools you can automatically calculate sales tax generate financial reports manage invoices reduce manual errors.",https://www.reddit.com/r/Bookkeeping/comments/d3nygw/,NEW,,,,,,"Bookkeeper discussing automation tools for invoice management. Aware of solutions and looking to optimize."
2026-02-10,Reddit-SmallBiz10,Small Business,NEEDS_RESEARCH,Reddit,SmallBusiness,P1,"I fat finger receipts into spreadsheet. Looking for organization tool and anything helpful for categorizing expenses for tax time.",https://www.reddit.com/r/smallbusiness/comments/1bqqi4b/,NEW,,,,,,"Manual receipt entry into spreadsheets. Tax prep pain point. Seeking better organization tools."
2026-02-10,Reddit-FBA2,Amazon FBA Seller,NEEDS_RESEARCH,Reddit,AmazonFBA,P2,"Amazon rejecting valid invoice. Need to highlight the things they want to see circle it write on it. Take pictures.",https://www.reddit.com/r/FulfillmentByAmazon/comments/1iwj1tm/,NEW,,,,,,"FBA seller struggling with Amazon invoice requirements. May need better invoice organization and formatting."
2026-02-10,Reddit-FBA3,Amazon Seller,NEEDS_RESEARCH,Reddit,AmazonFBA,P2,"Need invoice documentation for ungating. Suppliers known for invoices being accepted by Amazon.",https://www.reddit.com/r/FulfillmentByAmazon/comments/1o7a01e/,NEW,,,,,,"Amazon seller dealing with category ungating invoice requirements. Needs organized invoice system."
2026-02-10,Reddit-Accounting4,Freelance Accountant,NEEDS_RESEARCH,Reddit,Bookkeeper,P1,"Building tool to automatically extract invoice data including VAT and line items to save time on manual entry.",https://www.reddit.com/r/Accounting/comments/1jvuw1s/,NEW,,,,,,"Actively building solution to this problem. Recognizes market need. Could be customer or competition research."
2026-02-10,Reddit-SmallBiz11,Multi-Employee Business,NEEDS_RESEARCH,Reddit,SmallBusiness,P2,"Employee expenses tracking. System identifies employee and organizes receipts into categories. Using Expensify for 5 years.",https://www.reddit.com/r/smallbusiness/comments/1o6dmvd/,NEW,,,,,,"Using Expensify for employee expenses. May need better solution for supplier invoices. Multi-person operation."
2026-02-10,Reddit-Shopify3,Dropship Business,NEEDS_RESEARCH,Reddit,Shopify,P3,"Use multiple suppliers without creating new product. Manually type in customer info for other supplier.",https://www.reddit.com/r/dropship/comments/1dpqy5w/,NEW,,,,,,"Dropshipping with multiple suppliers. Manual order processing. Lower priority but still has pain."
2026-02-10,Reddit-Shopify4,Process for Multiple Suppliers,NEEDS_RESEARCH,Reddit,Shopify,P2,"Shopify newb put in charge of setting up process for Shopify fulfillment from multiple fulfillment suppliers.",https://www.reddit.com/r/shopify/comments/lkipr8/,NEW,,,,,,"New to Shopify. Setting up multi-supplier process. Opportunity to establish good practices early."
2026-02-10,Reddit-Accounting5,Accounting Practice,NEEDS_RESEARCH,Reddit,Bookkeeper,P1,"How do you receive invoices from suppliers and vendors? Discussion about time spent on invoice data entry.",https://www.reddit.com/r/Accounting/comments/146sti7/,NEW,,,,,,"Accounting discussion about supplier invoice processing workflows. Multiple practitioners engaging = pain is real."
2026-02-10,Reddit-FBA4,Amazon Multi-Product Seller,NEEDS_RESEARCH,Reddit,AmazonFBA,P2,"Multiple products on Amazon FBA with high volume sales. Manual weekly entry of sales shipments adjustments. Getting more tedious as sales grow.",https://www.reddit.com/r/FulfillmentByAmazon/comments/18rvx33/,NEW,,,,,,"High-volume FBA seller. Weekly manual reconciliation. Scaling pain. Uses SOS Inventory + QuickBooks."
2026-02-10,Reddit-Bookkeeper10,QuickBooks Bookkeeper,NEEDS_RESEARCH,Reddit,Bookkeeper,P2,"Matching invoices and payments manually is time consuming. Template to upload would help but matching has to be done manually.",https://www.reddit.com/r/Bookkeeping/comments/1bmdwaa/,NEW,,,,,,"Bookkeeper doing cleanup work. Manual matching is bottleneck. QuickBooks user."
2026-02-10,Reddit-SmallBiz12,Construction/Trade Business,NEEDS_RESEARCH,Reddit,Contractor,P3,"Time tracking and invoicing. Manual data entry of start/end times. Data already exists but manual entry still required.",https://www.reddit.com/r/smallbusiness/comments/1ig4srk/,NEW,,,,,,"Construction or trade business. Time-based invoicing. Manual entry redundancy. Contractor segment."
2026-02-10,Reddit-Ecommerce5,Small Ecommerce,NEEDS_RESEARCH,Reddit,Ecommerce,P3,"Very small unprofitable company. Struggled with bookkeeping - doing myself was nightmare because too busy running business. Let it back up until tax time.",https://www.reddit.com/r/ecommerce/comments/q57g29/,NEW,,,,,,"Early stage ecommerce. Overwhelmed with bookkeeping. May be too small but has clear pain."
2026-02-10,Reddit-Accounting6,Small Firm,NEEDS_RESEARCH,Reddit,Bookkeeper,P1,"Eliminate manual data entry from invoices forms documents across different formats. Focus automation on boring repeatable parts.",https://www.reddit.com/r/Accounting/comments/1nu7wj5/,NEW,,,,,,"Accounting firm actively seeking automation for multiple document types. High awareness and readiness to buy."
2026-02-10,IndieHackers3,Bookkeeping SaaS,NEEDS_RESEARCH,IndieHackers,Bookkeeper,P2,"Bookkeeping service for indie hackers. Work with QuickBooks FreshBooks Zoho Books Xero and more. Want seamless DIY or accountant process.",https://www.indiehackers.com/post/bookkeeping-for-indie-hackers-78042126b6,NEW,,,,,,"Bookkeeping service provider targeting indie hackers. Could be customer or partner opportunity."
2026-02-10,Reddit-Bookkeeper11,Multi-Bank Practice,NEEDS_RESEARCH,Reddit,Bookkeeper,P1,"Client needs 2 years cleanup work. Bank has transaction limitation. Totally screwed - have to do 1 year 10 months of manual entry for 2 accounts. Underbilled massively.",https://www.reddit.com/r/Bookkeeping/,NEW,,,,,,"Bookkeeper overwhelmed with cleanup project. Manual entry nightmare. Clear pain and motivation to find solutions."
2026-02-10,Reddit-SmallBiz13,Receipt Tracking Business,NEEDS_RESEARCH,Reddit,SmallBusiness,P2,"Receipt tracking accounting software. Dont sell products no sales tax. Best organization tool for categorizing expenses for tax time.",https://www.reddit.com/r/smallbusiness/comments/1bqqi4b/,NEW,,,,,,"Service business tracking expenses for taxes. No sales operations just expense side. Simpler but still has pain."
2026-02-10,Reddit-Accounting7,Vendor Invoice Processing,NEEDS_RESEARCH,Reddit,Bookkeeper,P2,"How much time on invoice data entry? Significant pain point in accounting world for manual typing of invoice data.",https://www.reddit.com/r/Accounting/comments/12qt8js/,NEW,,,,,,"Accounting professional surveying community about data entry time. Recognizes it as major pain point."
2026-02-10,Reddit-Bookkeeper12,Bookkeeping in 2025,NEEDS_RESEARCH,Reddit,Bookkeeper,P2,"Bookkeeping in 2025 feels stuck in stone age. If secretary spends 1 hour on data entry each day could do it in 30-40 minutes with app.",https://www.reddit.com/r/Bookkeeping/comments/1j6ssts/,NEW,,,,,,"Frustrated with lack of modernization in bookkeeping. Seeking efficiency improvements. Ready for innovation."
2026-02-10,Reddit-SmallBiz14,Small Business Expenses,NEEDS_RESEARCH,Reddit,SmallBusiness,P3,"Track income and expenses app recommendations. Looking for tools that reduce manual tracking work.",https://www.reddit.com/r/smallbusiness/comments/1q21qhp/,NEW,,,,,,"Small business seeking expense tracking apps. Lower priority but in market for solutions."
2026-02-10,Reddit-SmallBiz15,Employee Receipt Tracking,NEEDS_RESEARCH,Reddit,SmallBusiness,P2,"Need help tracking employee receipts. Multiple employees submitting for reimbursement.",https://www.reddit.com/r/smallbusiness/comments/1n7xmvi/,NEW,,,,,,"Business with employee expense reimbursement. Multiple receipt sources to track. Medium volume."
